www.test1.com,war,noise,quartz,shelf,thread,toy
www.test2.com,cherries,payment
www.test3.com,work,theory,ali,pin,cover,hall
www.test4.com,knot,wash
www.test5.com,mask,lettuce,burst,pump,crime,zipper
www.test6.com,ticket,bulb,love,cherries
www.test7.com,trucks,curtain,creator
www.test8.com,trucks,cover,drink,jam,mins
www.test9.com,ticket,cootie,pipe
www.test10.com,school
www.test11.com,drink,ticket,zipper,addition
www.test12.com,icicle,mitten,brass,key,design
www.test13.com,mask,noko,war,zipper,pump
www.test14.com,car,shirt,ticket,hall,bodda
www.test15.com,noko,size,things,eyes,impulse,creator
www.test16.com,dinner,square,cent,title,advertisement,cootie
www.test17.com,impulse,pin,expansion,thread
www.test18.com,behavior,tramp,look,government,toy
www.test19.com,plane,design,cook,pipe
www.test20.com,hall,title,brass,eyes,achiever
www.test21.com,achiever,pump,burst,soap,knot,property
www.test22.com,bo,goga,size,square,curtain,theory
www.test23.com,creator,eyes,punishment,wash,shape
www.test24.com,lettuce,government,dog,crime,title,pump
www.test25.com,property,science,hall
www.test26.com,pipe,vacation,look
www.test27.com,rice,bopsy,square
www.test28.com,bedroom
www.test29.com,addition
www.test30.com,cemetery,knot
